-- phpMyAdmin SQL Dump
-- version 5.2.1
-- https://www.phpmyadmin.net/
--
-- Host: localhost:3306
-- Generation Time: Jan 25, 2024 at 04:36 PM
-- Server version: 10.2.44-MariaDB
-- PHP Version: 8.1.26

SET SQL_MODE = "NO_AUTO_VALUE_ON_ZERO";
START TRANSACTION;
SET time_zone = "+00:00";


/*!40101 SET @OLD_CHARACTER_SET_CLIENT=@@CHARACTER_SET_CLIENT */;
/*!40101 SET @OLD_CHARACTER_SET_RESULTS=@@CHARACTER_SET_RESULTS */;
/*!40101 SET @OLD_COLLATION_CONNECTION=@@COLLATION_CONNECTION */;
/*!40101 SET NAMES utf8mb4 */;

--
-- Database: `nriitac_st_attendence`
--

-- --------------------------------------------------------

--
-- Table structure for table `admininfo`
--

CREATE TABLE `admininfo` (
  `id` int(11) NOT NULL,
  `email` varchar(255) NOT NULL,
  `username` varchar(50) NOT NULL,
  `password` varchar(255) NOT NULL,
  `fname` varchar(255) NOT NULL,
  `phone` varchar(20) NOT NULL,
  `type` enum('student','teacher','admin') NOT NULL,
  `otp` int(4) DEFAULT NULL
) ENGINE=InnoDB DEFAULT CHARSET=utf8mb4;

--
-- Dumping data for table `admininfo`
--

INSERT INTO `admininfo` (`id`, `email`, `username`, `password`, `fname`, `phone`, `type`, `otp`) VALUES
(6, 'hod@gamil.com', 'hodsir', 'hodsir', 'hod', '8885552793', 'admin', NULL),
(29, 'anitha@gmail.com', '  Anitha', 'nri123', 'ALAVALA  ANITHA', '20KP1A1201', 'student', NULL),
(30, 'naveenbasireddy2003@gmail.com', 'Basireddy', 'na', 'Basireddy Naveen Kumar Reddy', '20KP1A1203', 'student', 3332),
(32, 'nagaprasanna@gmail.com', 'Naga Prasanna', 'nri123', 'Chennamsetti Naga Prasanna', '20KP1A1206', 'student', NULL),
(33, 'veerasankarrao@gmail.com', 'Veera sankar', 'nri123', 'Chinnam Veera Sankar Rao', '20KP1A1207', 'student', NULL),
(34, 'dattasai@gmail.com', 'Datta sai', 'nri123', 'Chinni B V M N D K Datta Sai', '20KP1A1208', 'student', NULL),
(35, 'anjali@gmail.com', 'Anjali', 'nri123', 'Daruvri  Anjali', '20KP1A1209', 'student', NULL),
(36, 'manojkumar@gmail.com', 'Manoj', 'nri123', 'Dumpala Manoj Kumar', '20KP1A1210', 'student', NULL),
(37, 'prasannalakshmi@gmail.com', 'prasanna lakshmi', 'nri123', 'Gudala Prasanna Lakshmi', '20KP1A1211', 'student', NULL),
(39, 'srinivasulu@gmail.com', 'srinivasulu', 'nri123', 'Guntaka Srinivasulu', '20KP1A1212', 'student', NULL),
(42, 'vani@gmail.com', 'vani', 'nri123', 'Jakkireddy Vani', '20KP1A1213', 'student', NULL),
(43, 'chandrika@gmail.com', 'chandrika', 'nri123', 'Kamma Chandrika', '20KP1A1214', 'student', NULL),
(45, 'prasanth@gmail.com', 'prasanth', 'nri123', 'Kommu Prasanth', '20KP1A1215', 'student', NULL),
(46, 'pavankumar@gmail.com', 'pavankumar', 'nri123', 'Kondaveeti Pavan Kumar', '20KP1A1217', 'student', NULL),
(47, 'maneesha@gmail.com', 'maneesha', 'nri123', 'Kota Maneesha', '20KP1A1218', 'student', NULL),
(48, 'sukanya@gmail.com', 'sukanya', 'NRI123', 'Madala Sukanya', '20KP1A1219', 'student', NULL),
(49, 'himamadhuri@gmail.com', 'himamadhuri', 'nri123', 'Mandalapu Himamadhuri', '20KP1A1220', 'student', NULL),
(50, 'chakravarthi@gmail.com', 'chakravarthi', 'nri123', 'Matla Ananth Chakaravarthi Yadav', '20KP1A1221', 'student', NULL),
(51, 'rajasree@gmail.com', 'rajasree', 'nri123', 'Mekala Rajasree', '20KP1A1223', 'student', NULL),
(52, 'gopichand@gmail.com', 'gopichand', 'nri123', 'Mungapati Gopi Chand', '20KP1A1224', 'student', NULL),
(53, 'nagurbaji@gmail.com', 'nagurbaji', 'nri123', 'Nagur Baji Shaik', '20KP1A1225', 'student', NULL),
(54, 'eswar123@gmail.com', 'eswar', 'nri123', 'Pamidi Eswar', '20KP1A1226', 'student', NULL),
(57, '1@gmail.com', 'faculty1', '1', 'faculty', '6305666855', 'teacher', NULL),
(71, 'skmusharaf00@gmail.com', 'skmusharaf', '1241', 'Shaik Musharaf', '9494079848', 'student', 5421),
(74, 's@gmail.com', 'Sowjanya123', 'sowjanya123', 'sowjanya', '6905666859', 'admin', NULL),
(75, 'n@gmail.com', 'Naveen123', 'Naveen123', 'Basireddy', '3636363636', 'student', 6760),
(76, 'c@gmail.com', 'Chandu123', 'Chandy123', 'Chandu', '630585858', 'student', NULL),
(77, 'daya@gmail.com', 'sagar', 'nri123', 'daya sagar', '9618737961', 'student', NULL),
(78, 'anusha@gmail.com', 'anusha', 'nri321', 'anusha', '1234567899', 'teacher', NULL),
(79, 'rao@gmail.com', 'nageswa rao', 'nri321', 'nageswa rao', '9965412378', 'teacher', NULL),
(80, 'manikantavaddelli59@gmail.com', 'manikanta', '20KP1A1246', 'Vaddelli Manikanta', '9553667652', 'student', NULL),
(81, 'chandrasekharyarramsetti@gmail.com', 'chandu', '250321', 'chandu', '8297374185', 'student', NULL),
(82, 'skmalikarshad@gmail.com', 'Arshad ', '1231', 'Abdul Malik Arshad ', '6302262435', 'student', NULL),
(83, 'jabeer@gmail.com', 'Skjabeer', '1234', 'Shaik Jabeer', '7093193556', 'student', NULL),
(84, 'arif@gmail.com', 'Arif', '1241', 'Shaik Arif', '9502847212', 'student', NULL),
(86, 'selvaraj@gmail.com', 'selvaraj', 'selvaraj', 'Selvaraj', '9999999999', 'teacher', NULL);

-- --------------------------------------------------------

--
-- Table structure for table `attendance`
--

CREATE TABLE `attendance` (
  `stat_id` varchar(20) NOT NULL,
  `course` varchar(20) NOT NULL,
  `st_status` varchar(20) NOT NULL,
  `stat_date` date NOT NULL,
  `id` int(11) NOT NULL
) ENGINE=InnoDB DEFAULT CHARSET=latin1;

--
-- Dumping data for table `attendance`
--

INSERT INTO `attendance` (`stat_id`, `course`, `st_status`, `stat_date`, `id`) VALUES
('20KP1A1201', 'BCT', 'Absent', '2023-08-23', 1),
('20KP1A1204', 'BCT', 'Present', '2023-08-23', 3),
('20KP1A1207', 'BCT', 'Present', '2023-08-23', 4),
('20KP1A1208', 'BCT', 'Present', '2023-08-23', 5),
('20KP1A1210', 'BCT', 'Present', '2023-08-23', 7),
('20KP1A1211', 'BCT', 'Present', '2023-08-23', 8),
('20KP1A1212', 'BCT', 'Present', '2023-08-23', 9),
('20KP1A1213', 'BCT', 'Present', '2023-08-23', 10),
('20KP1A1214', 'BCT', 'Present', '2023-08-23', 11),
('20KP1A1215', 'BCT', 'Present', '2023-08-23', 12),
('20KP1A1217', 'BCT', 'Present', '2023-08-23', 13),
('20KP1A1218', 'BCT', 'Present', '2023-08-23', 14),
('20KP1A1219', 'BCT', 'Present', '2023-08-23', 15),
('20KP1A1220', 'BCT', 'Present', '2023-08-23', 16),
('20KP1A1221', 'BCT', 'Present', '2023-08-23', 17),
('20KP1A1223', 'BCT', 'Present', '2023-08-23', 18),
('20KP1A1224', 'BCT', 'Present', '2023-08-23', 19),
('20KP1A1225', 'BCT', 'Absent', '2023-08-23', 20),
('20KP1A1201', 'BCT', 'Present', '2023-08-23', 22),
('20KP1A1204', 'BCT', 'Absent', '2023-08-23', 24),
('20KP1A1207', 'BCT', 'Absent', '2023-08-23', 25),
('20KP1A1208', 'BCT', 'Absent', '2023-08-23', 26),
('20KP1A1210', 'BCT', 'Absent', '2023-08-23', 28),
('20KP1A1211', 'BCT', 'Present', '2023-08-23', 29),
('20KP1A1212', 'BCT', 'Present', '2023-08-23', 30),
('20KP1A1213', 'BCT', 'Present', '2023-08-23', 31),
('20KP1A1214', 'BCT', 'Present', '2023-08-23', 32),
('20KP1A1215', 'BCT', 'Present', '2023-08-23', 33),
('20KP1A1217', 'BCT', 'Present', '2023-08-23', 34),
('20KP1A1218', 'BCT', 'Present', '2023-08-23', 35),
('20KP1A1219', 'BCT', 'Present', '2023-08-23', 36),
('20KP1A1220', 'BCT', 'Present', '2023-08-23', 37),
('20KP1A1221', 'BCT', 'Present', '2023-08-23', 38),
('20KP1A1223', 'BCT', 'Present', '2023-08-23', 39),
('20KP1A1224', 'BCT', 'Present', '2023-08-23', 40),
('20KP1A1225', 'BCT', 'Present', '2023-08-23', 41),
('20KP1A1201', 'BCT', 'Present', '2023-08-23', 43),
('20KP1A1204', 'BCT', 'Present', '2023-08-23', 45),
('20KP1A1207', 'BCT', 'Present', '2023-08-23', 46),
('20KP1A1208', 'BCT', 'Present', '2023-08-23', 47),
('20KP1A1210', 'BCT', 'Present', '2023-08-23', 49),
('20KP1A1211', 'BCT', 'Present', '2023-08-23', 50),
('20KP1A1212', 'BCT', 'Present', '2023-08-23', 51),
('20KP1A1213', 'BCT', 'Present', '2023-08-23', 52),
('20KP1A1214', 'BCT', 'Present', '2023-08-23', 53),
('20KP1A1215', 'BCT', 'Present', '2023-08-23', 54),
('20KP1A1217', 'BCT', 'Present', '2023-08-23', 55),
('20KP1A1218', 'BCT', 'Present', '2023-08-23', 56),
('20KP1A1219', 'BCT', 'Present', '2023-08-23', 57),
('20KP1A1220', 'BCT', 'Present', '2023-08-23', 58),
('20KP1A1221', 'BCT', 'Present', '2023-08-23', 59),
('20KP1A1223', 'BCT', 'Present', '2023-08-23', 60),
('20KP1A1224', 'BCT', 'Present', '2023-08-23', 61),
('20KP1A1225', 'BCT', 'Present', '2023-08-23', 62),
('20KP1A1201', 'no-course', 'Present', '2023-08-24', 64),
('20KP1A1204', 'no-course', 'Present', '2023-08-24', 66),
('20KP1A1207', 'no-course', 'Present', '2023-08-24', 67),
('20KP1A1208', 'no-course', 'Present', '2023-08-24', 68),
('20KP1A1210', 'no-course', 'Present', '2023-08-24', 70),
('20KP1A1211', 'no-course', 'Present', '2023-08-24', 71),
('20KP1A1212', 'no-course', 'Present', '2023-08-24', 72),
('20KP1A1213', 'no-course', 'Present', '2023-08-24', 73),
('20KP1A1214', 'no-course', 'Present', '2023-08-24', 74),
('20KP1A1215', 'no-course', 'Present', '2023-08-24', 75),
('20KP1A1217', 'no-course', 'Present', '2023-08-24', 76),
('20KP1A1218', 'no-course', 'Present', '2023-08-24', 77),
('20KP1A1219', 'no-course', 'Present', '2023-08-24', 78),
('20KP1A1220', 'no-course', 'Present', '2023-08-24', 79),
('20KP1A1221', 'no-course', 'Present', '2023-08-24', 80),
('20KP1A1223', 'no-course', 'Present', '2023-08-24', 81),
('20KP1A1224', 'no-course', 'Present', '2023-08-24', 82),
('20KP1A1225', 'no-course', 'Present', '2023-08-24', 83),
('20KP1A1201', 'CI', 'Present', '2023-08-24', 85),
('20KP1A1204', 'CI', 'Present', '2023-08-24', 87),
('20KP1A1207', 'CI', 'Present', '2023-08-24', 88),
('20KP1A1208', 'CI', 'Present', '2023-08-24', 89),
('20KP1A1210', 'CI', 'Present', '2023-08-24', 91),
('20KP1A1211', 'CI', 'Present', '2023-08-24', 92),
('20KP1A1212', 'CI', 'Present', '2023-08-24', 93),
('20KP1A1213', 'CI', 'Present', '2023-08-24', 94),
('20KP1A1214', 'CI', 'Present', '2023-08-24', 95),
('20KP1A1215', 'CI', 'Present', '2023-08-24', 96),
('20KP1A1217', 'CI', 'Present', '2023-08-24', 97),
('20KP1A1218', 'CI', 'Present', '2023-08-24', 98),
('20KP1A1219', 'CI', 'Present', '2023-08-24', 99),
('20KP1A1220', 'CI', 'Present', '2023-08-24', 100),
('20KP1A1221', 'CI', 'Present', '2023-08-24', 101),
('20KP1A1223', 'CI', 'Present', '2023-08-24', 102),
('20KP1A1224', 'CI', 'Present', '2023-08-24', 103),
('20KP1A1225', 'CI', 'Present', '2023-08-24', 104),
('20KP1A1201', 'BCT', 'Present', '2023-08-24', 106),
('20KP1A1204', 'BCT', 'Present', '2023-08-24', 108),
('20KP1A1207', 'BCT', 'Present', '2023-08-24', 109),
('20KP1A1208', 'BCT', 'Absent', '2023-08-24', 110),
('20KP1A1210', 'BCT', 'Present', '2023-08-24', 112),
('20KP1A1211', 'BCT', 'Present', '2023-08-24', 113),
('20KP1A1212', 'BCT', 'Present', '2023-08-24', 114),
('20KP1A1213', 'BCT', 'Present', '2023-08-24', 115),
('20KP1A1214', 'BCT', 'Present', '2023-08-24', 116),
('20KP1A1215', 'BCT', 'Present', '2023-08-24', 117),
('20KP1A1217', 'BCT', 'Present', '2023-08-24', 118),
('20KP1A1218', 'BCT', 'Present', '2023-08-24', 119),
('20KP1A1219', 'BCT', 'Present', '2023-08-24', 120),
('20KP1A1220', 'BCT', 'Present', '2023-08-24', 121),
('20KP1A1221', 'BCT', 'Present', '2023-08-24', 122),
('20KP1A1223', 'BCT', 'Present', '2023-08-24', 123),
('20KP1A1224', 'BCT', 'Present', '2023-08-24', 124),
('20KP1A1225', 'BCT', 'Present', '2023-08-24', 125),
('20KP1A1201', 'BCT', 'Present', '2023-08-25', 128),
('20KP1A1204', 'BCT', 'Present', '2023-08-25', 130),
('20KP1A1207', 'BCT', 'Present', '2023-08-25', 131),
('20KP1A1208', 'BCT', 'Present', '2023-08-25', 132),
('20KP1A1210', 'BCT', 'Present', '2023-08-25', 134),
('20KP1A1211', 'BCT', 'Present', '2023-08-25', 135),
('20KP1A1212', 'BCT', 'Present', '2023-08-25', 136),
('20KP1A1213', 'BCT', 'Present', '2023-08-25', 137),
('20KP1A1214', 'BCT', 'Present', '2023-08-25', 138),
('20KP1A1215', 'BCT', 'Present', '2023-08-25', 139),
('20KP1A1217', 'BCT', 'Present', '2023-08-25', 140),
('20KP1A1218', 'BCT', 'Present', '2023-08-25', 141),
('20KP1A1219', 'BCT', 'Present', '2023-08-25', 142),
('20KP1A1220', 'BCT', 'Present', '2023-08-25', 143),
('20KP1A1221', 'BCT', 'Present', '2023-08-25', 144),
('20KP1A1223', 'BCT', 'Present', '2023-08-25', 145),
('20KP1A1224', 'BCT', 'Present', '2023-08-25', 146),
('20KP1A1225', 'BCT', 'Present', '2023-08-25', 147),
('20KP1A1201', 'BCT', 'Present', '2023-08-25', 149),
('20KP1A1204', 'BCT', 'Present', '2023-08-25', 151),
('20KP1A1207', 'BCT', 'Present', '2023-08-25', 152),
('20KP1A1208', 'BCT', 'Present', '2023-08-25', 153),
('20KP1A1210', 'BCT', 'Present', '2023-08-25', 155),
('20KP1A1211', 'BCT', 'Present', '2023-08-25', 156),
('20KP1A1212', 'BCT', 'Present', '2023-08-25', 157),
('20KP1A1213', 'BCT', 'Present', '2023-08-25', 158),
('20KP1A1214', 'BCT', 'Present', '2023-08-25', 159),
('20KP1A1215', 'BCT', 'Present', '2023-08-25', 160),
('20KP1A1217', 'BCT', 'Present', '2023-08-25', 161),
('20KP1A1218', 'BCT', 'Absent', '2023-08-25', 162),
('20KP1A1219', 'BCT', 'Absent', '2023-08-25', 163),
('20KP1A1220', 'BCT', 'Absent', '2023-08-25', 164),
('20KP1A1221', 'BCT', 'Absent', '2023-08-25', 165),
('20KP1A1223', 'BCT', 'Absent', '2023-08-25', 166),
('20KP1A1224', 'BCT', 'Absent', '2023-08-25', 167),
('20KP1A1225', 'BCT', 'Absent', '2023-08-25', 168),
('20KP1A1201', 'BCT', 'Absent', '2023-08-26', 170),
('20KP1A1204', 'BCT', 'Absent', '2023-08-26', 172),
('20KP1A1207', 'BCT', 'Present', '2023-08-26', 173),
('20KP1A1208', 'BCT', 'Present', '2023-08-26', 174),
('20KP1A1210', 'BCT', 'Present', '2023-08-26', 176),
('20KP1A1211', 'BCT', 'Present', '2023-08-26', 177),
('20KP1A1212', 'BCT', 'Present', '2023-08-26', 178),
('20KP1A1213', 'BCT', 'Present', '2023-08-26', 179),
('20KP1A1214', 'BCT', 'Present', '2023-08-26', 180),
('20KP1A1215', 'BCT', 'Absent', '2023-08-26', 181),
('20KP1A1217', 'BCT', 'Present', '2023-08-26', 182),
('20KP1A1218', 'BCT', 'Present', '2023-08-26', 183),
('20KP1A1219', 'BCT', 'Absent', '2023-08-26', 184),
('20KP1A1220', 'BCT', 'Present', '2023-08-26', 185),
('20KP1A1221', 'BCT', 'Present', '2023-08-26', 186),
('20KP1A1223', 'BCT', 'Absent', '2023-08-26', 187),
('20KP1A1224', 'BCT', 'Absent', '2023-08-26', 188),
('20KP1A1225', 'BCT', 'Absent', '2023-08-26', 189),
('20KP1A1201', 'BCT', 'Present', '2023-08-27', 192),
('20KP1A1204', 'BCT', 'Present', '2023-08-27', 194),
('20KP1A1207', 'BCT', 'Present', '2023-08-27', 195),
('20KP1A1208', 'BCT', 'Present', '2023-08-27', 196),
('20KP1A1210', 'BCT', 'Present', '2023-08-27', 198),
('20KP1A1211', 'BCT', 'Absent', '2023-08-27', 199),
('20KP1A1212', 'BCT', 'Absent', '2023-08-27', 200),
('20KP1A1213', 'BCT', 'Present', '2023-08-27', 201),
('20KP1A1214', 'BCT', 'Absent', '2023-08-27', 202),
('20KP1A1215', 'BCT', 'Absent', '2023-08-27', 203),
('20KP1A1217', 'BCT', 'Absent', '2023-08-27', 204),
('20KP1A1218', 'BCT', 'Present', '2023-08-27', 205),
('20KP1A1219', 'BCT', 'Absent', '2023-08-27', 206),
('20KP1A1220', 'BCT', 'Present', '2023-08-27', 207),
('20KP1A1221', 'BCT', 'Present', '2023-08-27', 208),
('20KP1A1223', 'BCT', 'Present', '2023-08-27', 209),
('20KP1A1224', 'BCT', 'Present', '2023-08-27', 210),
('20KP1A1225', 'BCT', 'Present', '2023-08-27', 211),
('20KP1A1201', 'BCT', 'Present', '2023-08-28', 214),
('20KP1A1204', 'BCT', 'Present', '2023-08-28', 215),
('20KP1A1207', 'BCT', 'Present', '2023-08-28', 216),
('20KP1A1208', 'BCT', 'Present', '2023-08-28', 217),
('20KP1A1210', 'BCT', 'Present', '2023-08-28', 219),
('20KP1A1211', 'BCT', 'Present', '2023-08-28', 220),
('20KP1A1212', 'BCT', 'Present', '2023-08-28', 221),
('20KP1A1213', 'BCT', 'Present', '2023-08-28', 222),
('20KP1A1214', 'BCT', 'Present', '2023-08-28', 223),
('20KP1A1215', 'BCT', 'Present', '2023-08-28', 224),
('20KP1A1217', 'BCT', 'Present', '2023-08-28', 225),
('20KP1A1218', 'BCT', 'Present', '2023-08-28', 226),
('20KP1A1219', 'BCT', 'Present', '2023-08-28', 227),
('20KP1A1220', 'BCT', 'Present', '2023-08-28', 228),
('20KP1A1221', 'BCT', 'Present', '2023-08-28', 229),
('20KP1A1223', 'BCT', 'Present', '2023-08-28', 230),
('20KP1A1224', 'BCT', 'Present', '2023-08-28', 231),
('20KP1A1225', 'BCT', 'Present', '2023-08-28', 232),
('20KP1A1201', 'CI', 'Present', '2023-08-28', 235),
('20KP1A1204', 'CI', 'Present', '2023-08-28', 236),
('20KP1A1207', 'CI', 'Present', '2023-08-28', 237),
('20KP1A1208', 'CI', 'Present', '2023-08-28', 238),
('20KP1A1210', 'CI', 'Present', '2023-08-28', 240),
('20KP1A1211', 'CI', 'Present', '2023-08-28', 241),
('20KP1A1212', 'CI', 'Present', '2023-08-28', 242),
('20KP1A1213', 'CI', 'Present', '2023-08-28', 243),
('20KP1A1214', 'CI', 'Present', '2023-08-28', 244),
('20KP1A1215', 'CI', 'Present', '2023-08-28', 245),
('20KP1A1217', 'CI', 'Present', '2023-08-28', 246),
('20KP1A1218', 'CI', 'Present', '2023-08-28', 247),
('20KP1A1219', 'CI', 'Present', '2023-08-28', 248),
('20KP1A1220', 'CI', 'Present', '2023-08-28', 249),
('20KP1A1221', 'CI', 'Present', '2023-08-28', 250),
('20KP1A1223', 'CI', 'Present', '2023-08-28', 251),
('20KP1A1224', 'CI', 'Present', '2023-08-28', 252),
('20KP1A1225', 'CI', 'Present', '2023-08-28', 253),
('20KP1A1201', 'BCT', 'Present', '2023-08-29', 256),
('20KP1A1204', 'BCT', 'Present', '2023-08-29', 257),
('20KP1A1207', 'BCT', 'Present', '2023-08-29', 258),
('20KP1A1208', 'BCT', 'Present', '2023-08-29', 259),
('20KP1A1210', 'BCT', 'Present', '2023-08-29', 260),
('20KP1A1211', 'BCT', 'Present', '2023-08-29', 261),
('20KP1A1212', 'BCT', 'Present', '2023-08-29', 262),
('20KP1A1213', 'BCT', 'Present', '2023-08-29', 263),
('20KP1A1214', 'BCT', 'Present', '2023-08-29', 264),
('20KP1A1215', 'BCT', 'Present', '2023-08-29', 265),
('20KP1A1217', 'BCT', 'Present', '2023-08-29', 266),
('20KP1A1218', 'BCT', 'Present', '2023-08-29', 267),
('20KP1A1219', 'BCT', 'Present', '2023-08-29', 268),
('20KP1A1220', 'BCT', 'Present', '2023-08-29', 269),
('20KP1A1221', 'BCT', 'Present', '2023-08-29', 270),
('20KP1A1223', 'BCT', 'Present', '2023-08-29', 271),
('20KP1A1224', 'BCT', 'Present', '2023-08-29', 272),
('20KP1A1225', 'BCT', 'Present', '2023-08-29', 273),
('21KP1A1229', 'DAA', 'Present', '2023-08-29', 277),
('21KP1A1229', 'DAA', 'Present', '2023-08-29', 279),
('21KP1A1229', 'DAA', 'Present', '2023-08-29', 281),
('21KP1A1229', 'AUP', 'Present', '2023-08-29', 283),
('20KP1A1201', 'BCT', 'Present', '2023-08-29', 284),
('20KP1A1204', 'BCT', 'Present', '2023-08-29', 285),
('20KP1A1207', 'BCT', 'Present', '2023-08-29', 286),
('20KP1A1208', 'BCT', 'Present', '2023-08-29', 287),
('20KP1A1210', 'BCT', 'Present', '2023-08-29', 288),
('20KP1A1211', 'BCT', 'Present', '2023-08-29', 289),
('20KP1A1212', 'BCT', 'Present', '2023-08-29', 290),
('20KP1A1213', 'BCT', 'Present', '2023-08-29', 291),
('20KP1A1214', 'BCT', 'Present', '2023-08-29', 292),
('20KP1A1215', 'BCT', 'Present', '2023-08-29', 293),
('20KP1A1217', 'BCT', 'Present', '2023-08-29', 294),
('20KP1A1218', 'BCT', 'Present', '2023-08-29', 295),
('20KP1A1219', 'BCT', 'Present', '2023-08-29', 296),
('20KP1A1220', 'BCT', 'Present', '2023-08-29', 297),
('20KP1A1221', 'BCT', 'Present', '2023-08-29', 298),
('20KP1A1223', 'BCT', 'Present', '2023-08-29', 299),
('20KP1A1224', 'BCT', 'Present', '2023-08-29', 300),
('20KP1A1225', 'BCT', 'Present', '2023-08-29', 301),
('20KP1A1246', 'BCT', 'Present', '2023-08-29', 304),
('20KP1A1201', 'BCT', 'Present', '2023-08-29', 305),
('20KP1A1204', 'BCT', 'Present', '2023-08-29', 306),
('20KP1A1207', 'BCT', 'Present', '2023-08-29', 307),
('20KP1A1208', 'BCT', 'Present', '2023-08-29', 308),
('20KP1A1210', 'BCT', 'Present', '2023-08-29', 309),
('20KP1A1211', 'BCT', 'Present', '2023-08-29', 310),
('20KP1A1212', 'BCT', 'Present', '2023-08-29', 311),
('20KP1A1213', 'BCT', 'Present', '2023-08-29', 312),
('20KP1A1214', 'BCT', 'Present', '2023-08-29', 313),
('20KP1A1215', 'BCT', 'Present', '2023-08-29', 314),
('20KP1A1217', 'BCT', 'Present', '2023-08-29', 315),
('20KP1A1218', 'BCT', 'Present', '2023-08-29', 316),
('20KP1A1219', 'BCT', 'Present', '2023-08-29', 317),
('20KP1A1220', 'BCT', 'Present', '2023-08-29', 318),
('20KP1A1221', 'BCT', 'Present', '2023-08-29', 319),
('20KP1A1223', 'BCT', 'Present', '2023-08-29', 320),
('20KP1A1224', 'BCT', 'Present', '2023-08-29', 321),
('20KP1A1225', 'BCT', 'Present', '2023-08-29', 322),
('20KP1A1246', 'BCT', 'Present', '2023-08-29', 325),
('20KP1A1201', 'BCT', 'Present', '2023-08-29', 326),
('20KP1A1204', 'BCT', 'Present', '2023-08-29', 327),
('20KP1A1207', 'BCT', 'Present', '2023-08-29', 328),
('20KP1A1208', 'BCT', 'Present', '2023-08-29', 329),
('20KP1A1210', 'BCT', 'Present', '2023-08-29', 330),
('20KP1A1211', 'BCT', 'Present', '2023-08-29', 331),
('20KP1A1212', 'BCT', 'Present', '2023-08-29', 332),
('20KP1A1213', 'BCT', 'Present', '2023-08-29', 333),
('20KP1A1214', 'BCT', 'Present', '2023-08-29', 334),
('20KP1A1215', 'BCT', 'Present', '2023-08-29', 335),
('20KP1A1217', 'BCT', 'Present', '2023-08-29', 336),
('20KP1A1218', 'BCT', 'Present', '2023-08-29', 337),
('20KP1A1219', 'BCT', 'Present', '2023-08-29', 338),
('20KP1A1220', 'BCT', 'Present', '2023-08-29', 339),
('20KP1A1221', 'BCT', 'Present', '2023-08-29', 340),
('20KP1A1223', 'BCT', 'Present', '2023-08-29', 341),
('20KP1A1224', 'BCT', 'Present', '2023-08-29', 342),
('20KP1A1225', 'BCT', 'Present', '2023-08-29', 343),
('20KP1A1246', 'BCT', 'Present', '2023-08-29', 346),
('20KP1A1201', 'BCT', 'Present', '2023-08-29', 347),
('20KP1A1204', 'BCT', 'Present', '2023-08-29', 348),
('20KP1A1207', 'BCT', 'Present', '2023-08-29', 349),
('20KP1A1208', 'BCT', 'Present', '2023-08-29', 350),
('20KP1A1210', 'BCT', 'Present', '2023-08-29', 351),
('20KP1A1211', 'BCT', 'Present', '2023-08-29', 352),
('20KP1A1212', 'BCT', 'Present', '2023-08-29', 353),
('20KP1A1213', 'BCT', 'Present', '2023-08-29', 354),
('20KP1A1214', 'BCT', 'Present', '2023-08-29', 355),
('20KP1A1215', 'BCT', 'Present', '2023-08-29', 356),
('20KP1A1217', 'BCT', 'Present', '2023-08-29', 357),
('20KP1A1218', 'BCT', 'Present', '2023-08-29', 358),
('20KP1A1219', 'BCT', 'Present', '2023-08-29', 359),
('20KP1A1220', 'BCT', 'Present', '2023-08-29', 360),
('20KP1A1221', 'BCT', 'Present', '2023-08-29', 361),
('20KP1A1223', 'BCT', 'Present', '2023-08-29', 362),
('20KP1A1224', 'BCT', 'Present', '2023-08-29', 363),
('20KP1A1225', 'BCT', 'Present', '2023-08-29', 364),
('20KP1A1246', 'BCT', 'Present', '2023-08-29', 367),
('20KP1A1201', 'BCT', 'Present', '2023-08-29', 368),
('20KP1A1204', 'BCT', 'Present', '2023-08-29', 369),
('20KP1A1207', 'BCT', 'Present', '2023-08-29', 370),
('20KP1A1208', 'BCT', 'Present', '2023-08-29', 371),
('20KP1A1210', 'BCT', 'Present', '2023-08-29', 372),
('20KP1A1211', 'BCT', 'Present', '2023-08-29', 373),
('20KP1A1212', 'BCT', 'Present', '2023-08-29', 374),
('20KP1A1213', 'BCT', 'Present', '2023-08-29', 375),
('20KP1A1214', 'BCT', 'Present', '2023-08-29', 376),
('20KP1A1215', 'BCT', 'Present', '2023-08-29', 377),
('20KP1A1217', 'BCT', 'Present', '2023-08-29', 378),
('20KP1A1218', 'BCT', 'Present', '2023-08-29', 379),
('20KP1A1219', 'BCT', 'Present', '2023-08-29', 380),
('20KP1A1220', 'BCT', 'Present', '2023-08-29', 381),
('20KP1A1221', 'BCT', 'Present', '2023-08-29', 382),
('20KP1A1223', 'BCT', 'Present', '2023-08-29', 383),
('20KP1A1224', 'BCT', 'Present', '2023-08-29', 384),
('20KP1A1225', 'BCT', 'Present', '2023-08-29', 385),
('20KP1A1246', 'BCT', 'Present', '2023-08-29', 388),
('20KP1A1201', 'BCT', 'Present', '2023-08-29', 389),
('20KP1A1204', 'BCT', 'Present', '2023-08-29', 390),
('20KP1A1207', 'BCT', 'Present', '2023-08-29', 391),
('20KP1A1208', 'BCT', 'Present', '2023-08-29', 392),
('20KP1A1210', 'BCT', 'Present', '2023-08-29', 393),
('20KP1A1211', 'BCT', 'Present', '2023-08-29', 394),
('20KP1A1212', 'BCT', 'Present', '2023-08-29', 395),
('20KP1A1213', 'BCT', 'Present', '2023-08-29', 396),
('20KP1A1214', 'BCT', 'Present', '2023-08-29', 397),
('20KP1A1215', 'BCT', 'Present', '2023-08-29', 398),
('20KP1A1217', 'BCT', 'Present', '2023-08-29', 399),
('20KP1A1218', 'BCT', 'Present', '2023-08-29', 400),
('20KP1A1219', 'BCT', 'Present', '2023-08-29', 401),
('20KP1A1220', 'BCT', 'Present', '2023-08-29', 402),
('20KP1A1221', 'BCT', 'Present', '2023-08-29', 403),
('20KP1A1223', 'BCT', 'Present', '2023-08-29', 404),
('20KP1A1224', 'BCT', 'Present', '2023-08-29', 405),
('20KP1A1225', 'BCT', 'Present', '2023-08-29', 406),
('20KP1A1246', 'BCT', 'Present', '2023-08-29', 409),
('20KP1A1201', 'BCT', 'Present', '2023-08-29', 410),
('20KP1A1204', 'BCT', 'Present', '2023-08-29', 411),
('20KP1A1207', 'BCT', 'Present', '2023-08-29', 412),
('20KP1A1208', 'BCT', 'Present', '2023-08-29', 413),
('20KP1A1210', 'BCT', 'Present', '2023-08-29', 414),
('20KP1A1211', 'BCT', 'Present', '2023-08-29', 415),
('20KP1A1212', 'BCT', 'Present', '2023-08-29', 416),
('20KP1A1213', 'BCT', 'Present', '2023-08-29', 417),
('20KP1A1214', 'BCT', 'Present', '2023-08-29', 418),
('20KP1A1215', 'BCT', 'Present', '2023-08-29', 419),
('20KP1A1217', 'BCT', 'Present', '2023-08-29', 420),
('20KP1A1218', 'BCT', 'Present', '2023-08-29', 421),
('20KP1A1219', 'BCT', 'Present', '2023-08-29', 422),
('20KP1A1220', 'BCT', 'Present', '2023-08-29', 423),
('20KP1A1221', 'BCT', 'Present', '2023-08-29', 424),
('20KP1A1223', 'BCT', 'Present', '2023-08-29', 425),
('20KP1A1224', 'BCT', 'Present', '2023-08-29', 426),
('20KP1A1225', 'BCT', 'Present', '2023-08-29', 427),
('20KP1A1246', 'BCT', 'Present', '2023-08-29', 430),
('20KP1A1201', 'BCT', 'Present', '2023-08-30', 431),
('20KP1A1204', 'BCT', 'Present', '2023-08-30', 432),
('20KP1A1207', 'BCT', 'Present', '2023-08-30', 433),
('20KP1A1208', 'BCT', 'Present', '2023-08-30', 434),
('20KP1A1210', 'BCT', 'Absent', '2023-08-30', 435),
('20KP1A1211', 'BCT', 'Present', '2023-08-30', 436),
('20KP1A1212', 'BCT', 'Present', '2023-08-30', 437),
('20KP1A1213', 'BCT', 'Present', '2023-08-30', 438),
('20KP1A1214', 'BCT', 'Present', '2023-08-30', 439),
('20KP1A1215', 'BCT', 'Present', '2023-08-30', 440),
('20KP1A1217', 'BCT', 'Present', '2023-08-30', 441),
('20KP1A1218', 'BCT', 'Present', '2023-08-30', 442),
('20KP1A1219', 'BCT', 'Present', '2023-08-30', 443),
('20KP1A1220', 'BCT', 'Present', '2023-08-30', 444),
('20KP1A1221', 'BCT', 'Present', '2023-08-30', 445),
('20KP1A1223', 'BCT', 'Present', '2023-08-30', 446),
('20KP1A1224', 'BCT', 'Present', '2023-08-30', 447),
('20KP1A1225', 'BCT', 'Present', '2023-08-30', 448),
('20KP1A1246', 'BCT', 'Present', '2023-08-30', 451),
('20KP1A1201', 'BCT', 'Present', '2023-08-30', 452),
('20KP1A1204', 'BCT', 'Present', '2023-08-30', 453),
('20KP1A1207', 'BCT', 'Present', '2023-08-30', 454),
('20KP1A1208', 'BCT', 'Present', '2023-08-30', 455),
('20KP1A1210', 'BCT', 'Absent', '2023-08-30', 456),
('20KP1A1211', 'BCT', 'Present', '2023-08-30', 457),
('20KP1A1212', 'BCT', 'Present', '2023-08-30', 458),
('20KP1A1213', 'BCT', 'Present', '2023-08-30', 459),
('20KP1A1214', 'BCT', 'Present', '2023-08-30', 460),
('20KP1A1215', 'BCT', 'Present', '2023-08-30', 461),
('20KP1A1217', 'BCT', 'Present', '2023-08-30', 462),
('20KP1A1218', 'BCT', 'Present', '2023-08-30', 463),
('20KP1A1219', 'BCT', 'Present', '2023-08-30', 464),
('20KP1A1220', 'BCT', 'Present', '2023-08-30', 465),
('20KP1A1221', 'BCT', 'Present', '2023-08-30', 466),
('20KP1A1223', 'BCT', 'Present', '2023-08-30', 467),
('20KP1A1224', 'BCT', 'Present', '2023-08-30', 468),
('20KP1A1225', 'BCT', 'Present', '2023-08-30', 469),
('20KP1A1246', 'BCT', 'Present', '2023-08-30', 472),
('20KP1A1201', 'BCT', 'Present', '2023-08-30', 473),
('20KP1A1204', 'BCT', 'Present', '2023-08-30', 474),
('20KP1A1207', 'BCT', 'Present', '2023-08-30', 475),
('20KP1A1208', 'BCT', 'Absent', '2023-08-30', 476),
('20KP1A1210', 'BCT', 'Present', '2023-08-30', 477),
('20KP1A1211', 'BCT', 'Present', '2023-08-30', 478),
('20KP1A1212', 'BCT', 'Present', '2023-08-30', 479),
('20KP1A1213', 'BCT', 'Present', '2023-08-30', 480),
('20KP1A1214', 'BCT', 'Present', '2023-08-30', 481),
('20KP1A1215', 'BCT', 'Present', '2023-08-30', 482),
('20KP1A1217', 'BCT', 'Present', '2023-08-30', 483),
('20KP1A1218', 'BCT', 'Present', '2023-08-30', 484),
('20KP1A1219', 'BCT', 'Present', '2023-08-30', 485),
('20KP1A1220', 'BCT', 'Present', '2023-08-30', 486),
('20KP1A1221', 'BCT', 'Present', '2023-08-30', 487),
('20KP1A1223', 'BCT', 'Present', '2023-08-30', 488),
('20KP1A1224', 'BCT', 'Present', '2023-08-30', 489),
('20KP1A1225', 'BCT', 'Present', '2023-08-30', 490),
('20KP1A1246', 'BCT', 'Present', '2023-08-30', 493),
('20KP1A1201', 'BCT', 'Present', '2023-08-30', 494),
('20KP1A1204', 'BCT', 'Present', '2023-08-30', 495),
('20KP1A1207', 'BCT', 'Present', '2023-08-30', 496),
('20KP1A1208', 'BCT', 'Present', '2023-08-30', 497),
('20KP1A1210', 'BCT', 'Present', '2023-08-30', 498),
('20KP1A1211', 'BCT', 'Present', '2023-08-30', 499),
('20KP1A1212', 'BCT', 'Present', '2023-08-30', 500),
('20KP1A1213', 'BCT', 'Present', '2023-08-30', 501),
('20KP1A1214', 'BCT', 'Present', '2023-08-30', 502),
('20KP1A1215', 'BCT', 'Present', '2023-08-30', 503),
('20KP1A1217', 'BCT', 'Present', '2023-08-30', 504),
('20KP1A1218', 'BCT', 'Present', '2023-08-30', 505),
('20KP1A1219', 'BCT', 'Present', '2023-08-30', 506),
('20KP1A1220', 'BCT', 'Present', '2023-08-30', 507),
('20KP1A1221', 'BCT', 'Present', '2023-08-30', 508),
('20KP1A1223', 'BCT', 'Present', '2023-08-30', 509),
('20KP1A1224', 'BCT', 'Present', '2023-08-30', 510),
('20KP1A1225', 'BCT', 'Present', '2023-08-30', 511),
('20KP1A1246', 'BCT', 'Present', '2023-08-30', 514),
('20KP1A1250', 'BCT', 'Absent', '2023-08-30', 515),
('20KP1A1201', 'BCT', 'Present', '2023-08-31', 516),
('20KP1A1204', 'BCT', 'Present', '2023-08-31', 517),
('20KP1A1207', 'BCT', 'Present', '2023-08-31', 518),
('20KP1A1208', 'BCT', 'Present', '2023-08-31', 519),
('20KP1A1210', 'BCT', 'Present', '2023-08-31', 520),
('20KP1A1211', 'BCT', 'Present', '2023-08-31', 521),
('20KP1A1212', 'BCT', 'Present', '2023-08-31', 522),
('20KP1A1213', 'BCT', 'Present', '2023-08-31', 523),
('20KP1A1214', 'BCT', 'Present', '2023-08-31', 524),
('20KP1A1215', 'BCT', 'Present', '2023-08-31', 525),
('20KP1A1217', 'BCT', 'Present', '2023-08-31', 526),
('20KP1A1218', 'BCT', 'Present', '2023-08-31', 527),
('20KP1A1219', 'BCT', 'Present', '2023-08-31', 528),
('20KP1A1220', 'BCT', 'Present', '2023-08-31', 529),
('20KP1A1221', 'BCT', 'Present', '2023-08-31', 530),
('20KP1A1223', 'BCT', 'Present', '2023-08-31', 531),
('20KP1A1224', 'BCT', 'Present', '2023-08-31', 532),
('20KP1A1225', 'BCT', 'Present', '2023-08-31', 533),
('20KP1A1246', 'BCT', 'Present', '2023-08-31', 536),
('20KP1A1250', 'BCT', 'Present', '2023-08-31', 537),
('20KP1A1201', 'BCT', 'Present', '2023-08-31', 538),
('20KP1A1203', 'BCT', 'Absent', '2023-08-31', 539),
('20KP1A1204', 'BCT', 'Present', '2023-08-31', 540),
('20KP1A1207', 'BCT', 'Present', '2023-08-31', 541),
('20KP1A1208', 'BCT', 'Present', '2023-08-31', 542),
('20KP1A1210', 'BCT', 'Present', '2023-08-31', 543),
('20KP1A1211', 'BCT', 'Present', '2023-08-31', 544),
('20KP1A1212', 'BCT', 'Present', '2023-08-31', 545),
('20KP1A1213', 'BCT', 'Present', '2023-08-31', 546),
('20KP1A1214', 'BCT', 'Present', '2023-08-31', 547),
('20KP1A1215', 'BCT', 'Present', '2023-08-31', 548),
('20KP1A1217', 'BCT', 'Present', '2023-08-31', 549),
('20KP1A1218', 'BCT', 'Present', '2023-08-31', 550),
('20KP1A1219', 'BCT', 'Present', '2023-08-31', 551),
('20KP1A1220', 'BCT', 'Present', '2023-08-31', 552),
('20KP1A1221', 'BCT', 'Present', '2023-08-31', 553),
('20KP1A1223', 'BCT', 'Present', '2023-08-31', 554),
('20KP1A1224', 'BCT', 'Present', '2023-08-31', 555),
('20KP1A1225', 'BCT', 'Present', '2023-08-31', 556),
('20KP1A1246', 'BCT', 'Present', '2023-08-31', 559),
('20KP1A1250', 'BCT', 'Present', '2023-08-31', 560),
('20KP1A1201', 'CI', 'Present', '2023-08-31', 561),
('20KP1A1203', 'CI', 'Present', '2023-08-31', 562),
('20KP1A1204', 'CI', 'Present', '2023-08-31', 563),
('20KP1A1207', 'CI', 'Present', '2023-08-31', 564),
('20KP1A1208', 'CI', 'Present', '2023-08-31', 565),
('20KP1A1210', 'CI', 'Present', '2023-08-31', 566),
('20KP1A1211', 'CI', 'Present', '2023-08-31', 567),
('20KP1A1212', 'CI', 'Present', '2023-08-31', 568),
('20KP1A1213', 'CI', 'Present', '2023-08-31', 569),
('20KP1A1214', 'CI', 'Present', '2023-08-31', 570),
('20KP1A1215', 'CI', 'Present', '2023-08-31', 571),
('20KP1A1217', 'CI', 'Present', '2023-08-31', 572),
('20KP1A1218', 'CI', 'Present', '2023-08-31', 573),
('20KP1A1219', 'CI', 'Present', '2023-08-31', 574),
('20KP1A1220', 'CI', 'Present', '2023-08-31', 575),
('20KP1A1221', 'CI', 'Present', '2023-08-31', 576),
('20KP1A1223', 'CI', 'Present', '2023-08-31', 577),
('20KP1A1224', 'CI', 'Present', '2023-08-31', 578),
('20KP1A1225', 'CI', 'Present', '2023-08-31', 579),
('20KP1A1246', 'CI', 'Present', '2023-08-31', 582),
('20KP1A1250', 'CI', 'Present', '2023-08-31', 583),
('20KP1A1201', 'CI', 'Present', '2023-08-31', 584),
('20KP1A1203', 'CI', 'Absent', '2023-08-31', 585),
('20KP1A1204', 'CI', 'Present', '2023-08-31', 586),
('20KP1A1207', 'CI', 'Present', '2023-08-31', 587),
('20KP1A1208', 'CI', 'Present', '2023-08-31', 588),
('20KP1A1210', 'CI', 'Present', '2023-08-31', 589),
('20KP1A1211', 'CI', 'Present', '2023-08-31', 590),
('20KP1A1212', 'CI', 'Present', '2023-08-31', 591),
('20KP1A1213', 'CI', 'Present', '2023-08-31', 592),
('20KP1A1214', 'CI', 'Present', '2023-08-31', 593),
('20KP1A1215', 'CI', 'Present', '2023-08-31', 594),
('20KP1A1217', 'CI', 'Present', '2023-08-31', 595),
('20KP1A1218', 'CI', 'Present', '2023-08-31', 596),
('20KP1A1219', 'CI', 'Present', '2023-08-31', 597),
('20KP1A1220', 'CI', 'Present', '2023-08-31', 598),
('20KP1A1221', 'CI', 'Present', '2023-08-31', 599),
('20KP1A1223', 'CI', 'Present', '2023-08-31', 600),
('20KP1A1224', 'CI', 'Present', '2023-08-31', 601),
('20KP1A1225', 'CI', 'Present', '2023-08-31', 602),
('20KP1A1246', 'CI', 'Present', '2023-08-31', 605),
('20KP1A1250', 'CI', 'Present', '2023-08-31', 606),
('20KP1A1201', 'BCT', 'Present', '2023-08-31', 607),
('20KP1A1203', 'BCT', 'Present', '2023-08-31', 608),
('20KP1A1204', 'BCT', 'Present', '2023-08-31', 609),
('20KP1A1207', 'BCT', 'Present', '2023-08-31', 610),
('20KP1A1208', 'BCT', 'Present', '2023-08-31', 611),
('20KP1A1210', 'BCT', 'Present', '2023-08-31', 612),
('20KP1A1211', 'BCT', 'Present', '2023-08-31', 613),
('20KP1A1212', 'BCT', 'Present', '2023-08-31', 614),
('20KP1A1213', 'BCT', 'Present', '2023-08-31', 615),
('20KP1A1214', 'BCT', 'Present', '2023-08-31', 616),
('20KP1A1215', 'BCT', 'Present', '2023-08-31', 617),
('20KP1A1217', 'BCT', 'Present', '2023-08-31', 618),
('20KP1A1218', 'BCT', 'Present', '2023-08-31', 619),
('20KP1A1219', 'BCT', 'Present', '2023-08-31', 620),
('20KP1A1220', 'BCT', 'Present', '2023-08-31', 621),
('20KP1A1221', 'BCT', 'Present', '2023-08-31', 622),
('20KP1A1223', 'BCT', 'Present', '2023-08-31', 623),
('20KP1A1224', 'BCT', 'Present', '2023-08-31', 624),
('20KP1A1225', 'BCT', 'Present', '2023-08-31', 625),
('20KP1A1246', 'BCT', 'Present', '2023-08-31', 628),
('20KP1A1250', 'BCT', 'Present', '2023-08-31', 629),
('20KP1A1252', 'BCT', 'Absent', '2023-08-31', 630),
('20KP1A1201', 'BCT', 'Present', '2023-09-01', 631),
('20KP1A1203', 'BCT', 'Absent', '2023-09-01', 632),
('20KP1A1204', 'BCT', 'Present', '2023-09-01', 633),
('20KP1A1207', 'BCT', 'Present', '2023-09-01', 634),
('20KP1A1208', 'BCT', 'Present', '2023-09-01', 635),
('20KP1A1210', 'BCT', 'Present', '2023-09-01', 636),
('20KP1A1211', 'BCT', 'Present', '2023-09-01', 637),
('20KP1A1212', 'BCT', 'Present', '2023-09-01', 638),
('20KP1A1213', 'BCT', 'Present', '2023-09-01', 639),
('20KP1A1214', 'BCT', 'Present', '2023-09-01', 640),
('20KP1A1215', 'BCT', 'Present', '2023-09-01', 641),
('20KP1A1217', 'BCT', 'Present', '2023-09-01', 642),
('20KP1A1218', 'BCT', 'Present', '2023-09-01', 643),
('20KP1A1219', 'BCT', 'Present', '2023-09-01', 644),
('20KP1A1220', 'BCT', 'Present', '2023-09-01', 645),
('20KP1A1221', 'BCT', 'Present', '2023-09-01', 646),
('20KP1A1223', 'BCT', 'Present', '2023-09-01', 647),
('20KP1A1224', 'BCT', 'Present', '2023-09-01', 648),
('20KP1A1225', 'BCT', 'Present', '2023-09-01', 649),
('20KP1A1246', 'BCT', 'Present', '2023-09-01', 652),
('20KP1A1250', 'BCT', 'Present', '2023-09-01', 653),
('20KP1A1252', 'BCT', 'Present', '2023-09-01', 654),
('20KP1A1201', 'BCT', 'Present', '2023-09-14', 655),
('20KP1A1203', 'BCT', 'Present', '2023-09-14', 656),
('20KP1A1204', 'BCT', 'Present', '2023-09-14', 657),
('20KP1A1207', 'BCT', 'Present', '2023-09-14', 658),
('20KP1A1208', 'BCT', 'Present', '2023-09-14', 659),
('20KP1A1210', 'BCT', 'Present', '2023-09-14', 660),
('20KP1A1211', 'BCT', 'Present', '2023-09-14', 661),
('20KP1A1212', 'BCT', 'Present', '2023-09-14', 662),
('20KP1A1213', 'BCT', 'Present', '2023-09-14', 663),
('20KP1A1214', 'BCT', 'Present', '2023-09-14', 664),
('20KP1A1215', 'BCT', 'Present', '2023-09-14', 665),
('20KP1A1217', 'BCT', 'Present', '2023-09-14', 666),
('20KP1A1218', 'BCT', 'Present', '2023-09-14', 667),
('20KP1A1219', 'BCT', 'Present', '2023-09-14', 668),
('20KP1A1220', 'BCT', 'Present', '2023-09-14', 669),
('20KP1A1221', 'BCT', 'Present', '2023-09-14', 670),
('20KP1A1223', 'BCT', 'Present', '2023-09-14', 671),
('20KP1A1224', 'BCT', 'Present', '2023-09-14', 672),
('20KP1A1225', 'BCT', 'Present', '2023-09-14', 673),
('20KP1A1246', 'BCT', 'Present', '2023-09-14', 676),
('20KP1A1250', 'BCT', 'Present', '2023-09-14', 677),
('20KP1A1252', 'BCT', 'Present', '2023-09-14', 678),
('20KP1A1201', 'BCT', 'Present', '2023-09-14', 679),
('20KP1A1203', 'BCT', 'Present', '2023-09-14', 680),
('20KP1A1204', 'BCT', 'Present', '2023-09-14', 681),
('20KP1A1207', 'BCT', 'Present', '2023-09-14', 682),
('20KP1A1208', 'BCT', 'Present', '2023-09-14', 683),
('20KP1A1210', 'BCT', 'Present', '2023-09-14', 684),
('20KP1A1211', 'BCT', 'Present', '2023-09-14', 685),
('20KP1A1212', 'BCT', 'Present', '2023-09-14', 686),
('20KP1A1213', 'BCT', 'Present', '2023-09-14', 687),
('20KP1A1214', 'BCT', 'Present', '2023-09-14', 688),
('20KP1A1215', 'BCT', 'Present', '2023-09-14', 689),
('20KP1A1217', 'BCT', 'Present', '2023-09-14', 690),
('20KP1A1218', 'BCT', 'Present', '2023-09-14', 691),
('20KP1A1219', 'BCT', 'Present', '2023-09-14', 692),
('20KP1A1220', 'BCT', 'Present', '2023-09-14', 693),
('20KP1A1221', 'BCT', 'Present', '2023-09-14', 694),
('20KP1A1223', 'BCT', 'Present', '2023-09-14', 695),
('20KP1A1224', 'BCT', 'Present', '2023-09-14', 696),
('20KP1A1225', 'BCT', 'Present', '2023-09-14', 697),
('20KP1A1246', 'BCT', 'Present', '2023-09-14', 700),
('20KP1A1250', 'BCT', 'Present', '2023-09-14', 701),
('20KP1A1252', 'BCT', 'Present', '2023-09-14', 702),
('20KP1A1201', 'BCT', 'Absent', '2023-09-30', 703),
('20KP1A1203', 'BCT', 'Present', '2023-09-30', 704),
('20KP1A1204', 'BCT', 'Present', '2023-09-30', 705),
('20KP1A1207', 'BCT', 'Present', '2023-09-30', 706),
('20KP1A1208', 'BCT', 'Absent', '2023-09-30', 707),
('20KP1A1210', 'BCT', 'Present', '2023-09-30', 708),
('20KP1A1211', 'BCT', 'Present', '2023-09-30', 709),
('20KP1A1212', 'BCT', 'Present', '2023-09-30', 710),
('20KP1A1213', 'BCT', 'Present', '2023-09-30', 711),
('20KP1A1214', 'BCT', 'Absent', '2023-09-30', 712),
('20KP1A1215', 'BCT', 'Present', '2023-09-30', 713),
('20KP1A1217', 'BCT', 'Present', '2023-09-30', 714),
('20KP1A1218', 'BCT', 'Present', '2023-09-30', 715),
('20KP1A1219', 'BCT', 'Present', '2023-09-30', 716),
('20KP1A1220', 'BCT', 'Present', '2023-09-30', 717),
('20KP1A1221', 'BCT', 'Absent', '2023-09-30', 718),
('20KP1A1223', 'BCT', 'Present', '2023-09-30', 719),
('20KP1A1224', 'BCT', 'Present', '2023-09-30', 720),
('20KP1A1225', 'BCT', 'Absent', '2023-09-30', 721),
('20KP1A1246', 'BCT', 'Absent', '2023-09-30', 724),
('20KP1A1250', 'BCT', 'Present', '2023-09-30', 725),
('20KP1A1252', 'BCT', 'Absent', '2023-09-30', 726),
('20KP1A1201', 'BCT', 'Present', '2023-10-06', 727),
('20KP1A1203', 'BCT', 'Present', '2023-10-06', 728),
('20KP1A1204', 'BCT', 'Present', '2023-10-06', 729),
('20KP1A1207', 'BCT', 'Present', '2023-10-06', 730),
('20KP1A1208', 'BCT', 'Present', '2023-10-06', 731),
('20KP1A1210', 'BCT', 'Present', '2023-10-06', 732),
('20KP1A1211', 'BCT', 'Present', '2023-10-06', 733),
('20KP1A1212', 'BCT', 'Present', '2023-10-06', 734),
('20KP1A1213', 'BCT', 'Present', '2023-10-06', 735),
('20KP1A1214', 'BCT', 'Present', '2023-10-06', 736),
('20KP1A1215', 'BCT', 'Present', '2023-10-06', 737),
('20KP1A1217', 'BCT', 'Present', '2023-10-06', 738),
('20KP1A1218', 'BCT', 'Present', '2023-10-06', 739),
('20KP1A1219', 'BCT', 'Present', '2023-10-06', 740),
('20KP1A1220', 'BCT', 'Present', '2023-10-06', 741),
('20KP1A1221', 'BCT', 'Present', '2023-10-06', 742),
('20KP1A1223', 'BCT', 'Present', '2023-10-06', 743),
('20KP1A1224', 'BCT', 'Present', '2023-10-06', 744),
('20KP1A1225', 'BCT', 'Present', '2023-10-06', 745),
('20KP1A1246', 'BCT', 'Present', '2023-10-06', 748),
('20KP1A1250', 'BCT', 'Present', '2023-10-06', 749),
('20KP1A1252', 'BCT', 'Present', '2023-10-06', 750),
('20KP1A1201', 'no-course', 'Present', '2023-10-12', 751),
('20KP1A1203', 'no-course', 'Present', '2023-10-12', 752),
('20KP1A1204', 'no-course', 'Present', '2023-10-12', 753),
('20KP1A1207', 'no-course', 'Present', '2023-10-12', 754),
('20KP1A1208', 'no-course', 'Absent', '2023-10-12', 755),
('20KP1A1210', 'no-course', 'Present', '2023-10-12', 756),
('20KP1A1211', 'no-course', 'Present', '2023-10-12', 757),
('20KP1A1212', 'no-course', 'Present', '2023-10-12', 758),
('20KP1A1213', 'no-course', 'Present', '2023-10-12', 759),
('20KP1A1214', 'no-course', 'Present', '2023-10-12', 760),
('20KP1A1215', 'no-course', 'Present', '2023-10-12', 761),
('20KP1A1217', 'no-course', 'Present', '2023-10-12', 762),
('20KP1A1218', 'no-course', 'Present', '2023-10-12', 763),
('20KP1A1219', 'no-course', 'Present', '2023-10-12', 764),
('20KP1A1220', 'no-course', 'Present', '2023-10-12', 765),
('20KP1A1221', 'no-course', 'Present', '2023-10-12', 766),
('20KP1A1223', 'no-course', 'Present', '2023-10-12', 767),
('20KP1A1224', 'no-course', 'Present', '2023-10-12', 768),
('20KP1A1225', 'no-course', 'Present', '2023-10-12', 769),
('20KP1A1246', 'no-course', 'Present', '2023-10-12', 772),
('20KP1A1250', 'no-course', 'Present', '2023-10-12', 773),
('20KP1A1252', 'no-course', 'Present', '2023-10-12', 774),
('21KP1A1241', 'ML ', 'Absent', '2023-10-14', 775),
('20KP1A1201', 'BCT', 'Present', '2023-10-14', 776),
('20KP1A1203', 'BCT', 'Present', '2023-10-14', 777),
('20KP1A1204', 'BCT', 'Present', '2023-10-14', 778),
('20KP1A1207', 'BCT', 'Present', '2023-10-14', 779),
('20KP1A1208', 'BCT', 'Present', '2023-10-14', 780),
('20KP1A1210', 'BCT', 'Present', '2023-10-14', 781),
('20KP1A1211', 'BCT', 'Present', '2023-10-14', 782),
('20KP1A1212', 'BCT', 'Present', '2023-10-14', 783),
('20KP1A1213', 'BCT', 'Present', '2023-10-14', 784),
('20KP1A1214', 'BCT', 'Present', '2023-10-14', 785),
('20KP1A1215', 'BCT', 'Present', '2023-10-14', 786),
('20KP1A1217', 'BCT', 'Present', '2023-10-14', 787),
('20KP1A1218', 'BCT', 'Present', '2023-10-14', 788),
('20KP1A1219', 'BCT', 'Present', '2023-10-14', 789),
('20KP1A1220', 'BCT', 'Present', '2023-10-14', 790),
('20KP1A1221', 'BCT', 'Present', '2023-10-14', 791),
('20KP1A1223', 'BCT', 'Present', '2023-10-14', 792),
('20KP1A1224', 'BCT', 'Present', '2023-10-14', 793),
('20KP1A1225', 'BCT', 'Present', '2023-10-14', 794),
('20KP1A1246', 'BCT', 'Present', '2023-10-14', 797),
('20KP1A1250', 'BCT', 'Present', '2023-10-14', 798),
('20KP1A1252', 'BCT', 'Absent', '2023-10-14', 799),
('20AR1A0577', 'no-course', 'Absent', '2023-10-14', 800),
('20KP1A1201', 'BCT', 'Present', '2023-10-25', 801),
('20KP1A1203', 'BCT', 'Present', '2023-10-25', 802),
('20KP1A1204', 'BCT', 'Present', '2023-10-25', 803),
('20KP1A1207', 'BCT', 'Present', '2023-10-25', 804),
('20KP1A1208', 'BCT', 'Present', '2023-10-25', 805),
('20KP1A1210', 'BCT', 'Present', '2023-10-25', 806),
('20KP1A1211', 'BCT', 'Present', '2023-10-25', 807),
('20KP1A1212', 'BCT', 'Present', '2023-10-25', 808),
('20KP1A1213', 'BCT', 'Present', '2023-10-25', 809),
('20KP1A1214', 'BCT', 'Present', '2023-10-25', 810),
('20KP1A1215', 'BCT', 'Present', '2023-10-25', 811),
('20KP1A1217', 'BCT', 'Present', '2023-10-25', 812),
('20KP1A1218', 'BCT', 'Present', '2023-10-25', 813),
('20KP1A1219', 'BCT', 'Present', '2023-10-25', 814),
('20KP1A1220', 'BCT', 'Present', '2023-10-25', 815),
('20KP1A1221', 'BCT', 'Present', '2023-10-25', 816),
('20KP1A1223', 'BCT', 'Present', '2023-10-25', 817),
('20KP1A1224', 'BCT', 'Present', '2023-10-25', 818),
('20KP1A1225', 'BCT', 'Present', '2023-10-25', 819),
('20KP1A1246', 'BCT', 'Present', '2023-10-25', 822),
('20KP1A1250', 'BCT', 'Absent', '2023-10-25', 823),
('20KP1A1252', 'BCT', 'Absent', '2023-10-25', 824),
('20KP1A1201', 'AWS', 'Present', '2023-12-26', 825),
('20KP1A1206', 'AWS', 'Present', '2023-12-26', 826),
('20KP1A1209', 'AWS', 'Present', '2023-12-26', 827),
('20KP1A1241', 'AWS', 'Present', '2023-12-26', 828),
('20KP1A1252', 'AWS', 'Present', '2023-12-26', 829),
('20KP1A1203', 'cct', 'Present', '2023-12-29', 830),
('20KP1A1207', 'cct', 'Present', '2023-12-29', 831),
('20KP1A1208', 'cct', 'Present', '2023-12-29', 832),
('20KP1A1210', 'cct', 'Present', '2023-12-29', 833),
('20KP1A1211', 'cct', 'Present', '2023-12-29', 834),
('20KP1A1212', 'cct', 'Present', '2023-12-29', 835),
('20KP1A1213', 'cct', 'Present', '2023-12-29', 836),
('20KP1A1214', 'cct', 'Present', '2023-12-29', 837),
('20KP1A1215', 'cct', 'Present', '2023-12-29', 838),
('20KP1A1217', 'cct', 'Present', '2023-12-29', 839),
('20KP1A1218', 'cct', 'Present', '2023-12-29', 840),
('20KP1A1219', 'cct', 'Present', '2023-12-29', 841),
('20KP1A1220', 'cct', 'Present', '2023-12-29', 842),
('20KP1A1221', 'cct', 'Present', '2023-12-29', 843),
('20KP1A1223', 'cct', 'Present', '2023-12-29', 844),
('20KP1A1224', 'cct', 'Present', '2023-12-29', 845),
('20KP1A1225', 'cct', 'Present', '2023-12-29', 846),
('20KP1A1226', 'cct', 'Present', '2023-12-29', 847),
('20KP1A1246', 'cct', 'Present', '2023-12-29', 848),
('20KP1A1250', 'cct', 'Present', '2023-12-29', 849),
('20KP1A1203', 'cct', 'Present', '2023-12-29', 850),
('20KP1A1207', 'cct', 'Present', '2023-12-29', 851),
('20KP1A1208', 'cct', 'Present', '2023-12-29', 852),
('20KP1A1210', 'cct', 'Absent', '2023-12-29', 853),
('20KP1A1211', 'cct', 'Present', '2023-12-29', 854),
('20KP1A1212', 'cct', 'Present', '2023-12-29', 855),
('20KP1A1213', 'cct', 'Present', '2023-12-29', 856),
('20KP1A1214', 'cct', 'Present', '2023-12-29', 857),
('20KP1A1215', 'cct', 'Present', '2023-12-29', 858),
('20KP1A1217', 'cct', 'Present', '2023-12-29', 859),
('20KP1A1218', 'cct', 'Present', '2023-12-29', 860),
('20KP1A1219', 'cct', 'Present', '2023-12-29', 861),
('20KP1A1220', 'cct', 'Present', '2023-12-29', 862),
('20KP1A1221', 'cct', 'Present', '2023-12-29', 863),
('20KP1A1223', 'cct', 'Present', '2023-12-29', 864),
('20KP1A1224', 'cct', 'Present', '2023-12-29', 865),
('20KP1A1225', 'cct', 'Present', '2023-12-29', 866),
('20KP1A1226', 'cct', 'Present', '2023-12-29', 867),
('20KP1A1246', 'cct', 'Present', '2023-12-29', 868),
('20KP1A1250', 'cct', 'Present', '2023-12-29', 869),
('20KP1A1203', 'cct', 'Present', '2023-12-29', 870),
('20KP1A1207', 'cct', 'Present', '2023-12-29', 871),
('20KP1A1208', 'cct', 'Present', '2023-12-29', 872),
('20KP1A1210', 'cct', 'Present', '2023-12-29', 873),
('20KP1A1211', 'cct', 'Present', '2023-12-29', 874),
('20KP1A1212', 'cct', 'Present', '2023-12-29', 875),
('20KP1A1213', 'cct', 'Present', '2023-12-29', 876),
('20KP1A1214', 'cct', 'Present', '2023-12-29', 877),
('20KP1A1215', 'cct', 'Present', '2023-12-29', 878),
('20KP1A1217', 'cct', 'Present', '2023-12-29', 879),
('20KP1A1218', 'cct', 'Present', '2023-12-29', 880),
('20KP1A1219', 'cct', 'Present', '2023-12-29', 881),
('20KP1A1220', 'cct', 'Present', '2023-12-29', 882),
('20KP1A1221', 'cct', 'Present', '2023-12-29', 883),
('20KP1A1223', 'cct', 'Present', '2023-12-29', 884),
('20KP1A1224', 'cct', 'Present', '2023-12-29', 885),
('20KP1A1225', 'cct', 'Present', '2023-12-29', 886),
('20KP1A1226', 'cct', 'Present', '2023-12-29', 887),
('20KP1A1246', 'cct', 'Present', '2023-12-29', 888),
('20KP1A1250', 'cct', 'Present', '2023-12-29', 889),
('20KP1A1203', 'cct', 'Present', '2023-12-29', 890),
('20KP1A1207', 'cct', 'Present', '2023-12-29', 891),
('20KP1A1208', 'cct', 'Present', '2023-12-29', 892),
('20KP1A1210', 'cct', 'Present', '2023-12-29', 893),
('20KP1A1211', 'cct', 'Present', '2023-12-29', 894),
('20KP1A1212', 'cct', 'Present', '2023-12-29', 895),
('20KP1A1213', 'cct', 'Present', '2023-12-29', 896),
('20KP1A1214', 'cct', 'Present', '2023-12-29', 897),
('20KP1A1215', 'cct', 'Present', '2023-12-29', 898),
('20KP1A1217', 'cct', 'Present', '2023-12-29', 899),
('20KP1A1218', 'cct', 'Present', '2023-12-29', 900),
('20KP1A1219', 'cct', 'Present', '2023-12-29', 901),
('20KP1A1220', 'cct', 'Present', '2023-12-29', 902),
('20KP1A1221', 'cct', 'Present', '2023-12-29', 903),
('20KP1A1223', 'cct', 'Present', '2023-12-29', 904),
('20KP1A1224', 'cct', 'Present', '2023-12-29', 905),
('20KP1A1225', 'cct', 'Present', '2023-12-29', 906),
('20KP1A1226', 'cct', 'Present', '2023-12-29', 907),
('20KP1A1246', 'cct', 'Present', '2023-12-29', 908),
('20KP1A1250', 'cct', 'Present', '2023-12-29', 909),
('20KP1A1203', 'cct', 'Present', '2023-12-29', 910),
('20KP1A1207', 'cct', 'Present', '2023-12-29', 911),
('20KP1A1208', 'cct', 'Present', '2023-12-29', 912),
('20KP1A1210', 'cct', 'Present', '2023-12-29', 913),
('20KP1A1211', 'cct', 'Present', '2023-12-29', 914),
('20KP1A1212', 'cct', 'Present', '2023-12-29', 915),
('20KP1A1213', 'cct', 'Present', '2023-12-29', 916),
('20KP1A1214', 'cct', 'Present', '2023-12-29', 917),
('20KP1A1215', 'cct', 'Present', '2023-12-29', 918),
('20KP1A1217', 'cct', 'Present', '2023-12-29', 919),
('20KP1A1218', 'cct', 'Present', '2023-12-29', 920),
('20KP1A1219', 'cct', 'Present', '2023-12-29', 921),
('20KP1A1220', 'cct', 'Present', '2023-12-29', 922),
('20KP1A1221', 'cct', 'Present', '2023-12-29', 923),
('20KP1A1223', 'cct', 'Present', '2023-12-29', 924),
('20KP1A1224', 'cct', 'Present', '2023-12-29', 925),
('20KP1A1225', 'cct', 'Present', '2023-12-29', 926),
('20KP1A1226', 'cct', 'Present', '2023-12-29', 927),
('20KP1A1246', 'cct', 'Present', '2023-12-29', 928),
('20KP1A1250', 'cct', 'Present', '2023-12-29', 929),
('20KP1A1203', 'cct', 'Present', '2023-12-29', 930),
('20KP1A1207', 'cct', 'Present', '2023-12-29', 931),
('20KP1A1208', 'cct', 'Absent', '2023-12-29', 932),
('20KP1A1210', 'cct', 'Present', '2023-12-29', 933),
('20KP1A1211', 'cct', 'Present', '2023-12-29', 934),
('20KP1A1212', 'cct', 'Present', '2023-12-29', 935),
('20KP1A1213', 'cct', 'Present', '2023-12-29', 936),
('20KP1A1214', 'cct', 'Present', '2023-12-29', 937),
('20KP1A1215', 'cct', 'Present', '2023-12-29', 938),
('20KP1A1217', 'cct', 'Present', '2023-12-29', 939),
('20KP1A1218', 'cct', 'Present', '2023-12-29', 940),
('20KP1A1219', 'cct', 'Present', '2023-12-29', 941),
('20KP1A1220', 'cct', 'Present', '2023-12-29', 942),
('20KP1A1221', 'cct', 'Present', '2023-12-29', 943),
('20KP1A1223', 'cct', 'Present', '2023-12-29', 944),
('20KP1A1224', 'cct', 'Present', '2023-12-29', 945),
('20KP1A1225', 'cct', 'Present', '2023-12-29', 946),
('20KP1A1226', 'cct', 'Present', '2023-12-29', 947),
('20KP1A1246', 'cct', 'Present', '2023-12-29', 948),
('20KP1A1250', 'cct', 'Present', '2023-12-29', 949);

-- --------------------------------------------------------

--
-- Stand-in structure for view `reports`
-- (See below for the actual view)
--
CREATE TABLE `reports` (
`st_id` varchar(10)
,`st_name` varchar(255)
,`st_dept` varchar(50)
,`st_batch` int(11)
,`stat_date` date
,`st_status` varchar(20)
,`course` varchar(20)
);

-- --------------------------------------------------------

--
-- Table structure for table `students`
--

CREATE TABLE `students` (
  `st_id` varchar(10) NOT NULL,
  `st_name` varchar(255) DEFAULT NULL,
  `st_dept` varchar(50) DEFAULT NULL,
  `st_batch` int(11) DEFAULT NULL,
  `st_sem` varchar(50) DEFAULT NULL,
  `st_email` varchar(255) DEFAULT NULL,
  `st_username` varchar(50) DEFAULT NULL,
  `st_phone_number` varchar(12) DEFAULT NULL
) ENGINE=InnoDB DEFAULT CHARSET=utf8mb4;

--
-- Dumping data for table `students`
--

INSERT INTO `students` (`st_id`, `st_name`, `st_dept`, `st_batch`, `st_sem`, `st_email`, `st_username`, `st_phone_number`) VALUES
('20AR1A0577', 'Shaik Arif', 'CSE', 20, '4-1', 'arif@gmail.com', 'Arif', '9502847212'),
('20KP1A1201', 'ALAVALA  ANITHA', 'IT', 20, '4-2', 'anitha@gmail.com', '  Anitha', '20KP1A1201'),
('20KP1A1203', 'Basireddy Naveen Kumar Reddy', 'IT', 20, '4-1', 'naveenbasireddy2003@gmail.com', 'Basireddy', '6305666858'),
('20KP1A1206', 'Chennamsetti Naga Prasanna', 'IT', 20, '4-2', 'nagaprasanna@gmail.com', 'Naga Prasanna', '6305666'),
('20KP1A1207', 'Chinnam Veera Sankar Rao', 'IT', 20, '4-1', 'veerasankarrao@gmail.com', 'Veera sankar', '20KP1A1207'),
('20KP1A1208', 'Chinni B V M N D K Datta Sai', 'IT', 20, '4-1', 'dattasai@gmail.com', 'Datta sai', '9182000293'),
('20KP1A1209', 'Daruvri  Anjali', 'IT', 20, '4-2', 'anjali@gmail.com', 'Anjali', '20KP1A1209'),
('20KP1A1210', 'Dumpala Manoj Kumar', 'IT', 20, '4-1', 'manojkumar@gmail.com', 'Manoj', '20KP1A1210'),
('20KP1A1211', 'Gudala Prasanna Lakshmi', 'IT', 20, '4-1', 'prasannalakshmi@gmail.com', 'prasanna lakshmi', '20KP1A1211'),
('20KP1A1212', 'Guntaka Srinivasulu', 'IT', 20, '4-1', 'srinivasulu@gmail.com', 'srinivasulu', '20KP1A1212'),
('20KP1A1213', 'Jakkireddy Vani', 'IT', 20, '4-1', 'vani@gmail.com', 'vani', '20KP1A1213'),
('20KP1A1214', 'Kamma Chandrika', 'IT', 20, '4-1', 'chandrika@gmail.com', 'chandrika', '20KP1A1214'),
('20KP1A1215', 'Kommu Prasanth', 'IT', 20, '4-1', 'prasanth@gmail.com', 'prasanth', '20KP1A1215'),
('20KP1A1217', 'Kondaveeti Pavan Kumar', 'IT', 20, '4-1', 'pavankumar@gmail.com', 'pavankumar', '20KP1A1217'),
('20KP1A1218', 'Kota Maneesha', 'IT', 20, '4-1', 'maneesha@gmail.com', 'maneesha', '20KP1A1218'),
('20KP1A1219', 'Madala Sukanya', 'IT', 20, '4-1', 'sukanya@gmail.com', 'sukanya', '20KP1A1219'),
('20KP1A1220', 'Mandalapu Himamadhuri', 'IT', 20, '4-1', 'himamadhuri@gmail.com', 'himamadhuri', '20KP1A1220'),
('20KP1A1221', 'Matla Ananth Chakaravarthi Yadav', 'IT', 20, '4-1', 'chakravarthi@gmail.com', 'chakravarthi', '20KP1A1221'),
('20KP1A1223', 'Mekala Rajasree', 'IT', 20, '4-1', 'rajasree@gmail.com', 'rajasree', '20KP1A1223'),
('20KP1A1224', 'Mungapati Gopi Chand', 'IT', 20, '4-1', 'gopichand@gmail.com', 'gopichand', '20KP1A1224'),
('20KP1A1225', 'Nagur Baji Shaik', 'IT', 20, '4-1', 'nagurbaji@gmail.com', 'nagurbaji', '20KP1A1225'),
('20KP1A1226', 'Pamidi Eswar', 'IT', 20, '4-1', 'eswar123@gmail.com', 'eswar', '20KP1A1226'),
('20KP1A1241', 'Shaik Musharaf', 'IT', 20, '4-2', 'skmusharaf00@gmail.com', 'skmusharaf', '9494079848'),
('20KP1A1246', 'Vaddelli Manikanta', 'IT', 20, '4-1', 'manikantavaddelli59@gmail.com', 'manikanta', '9553667652'),
('20KP1A1250', 'chandu', 'IT', 20, '4-1', 'chandrasekharyarramsetti@gmail.com', 'chandu', '8297374185'),
('20KP1A1252', 'Abdul Malik Arshad ', 'IT', 20, '4-2', 'skmalikarshad@gmail.com', 'Arshad ', '6302262435'),
('21KP1A1229', 'daya sagar', 'IT', 21, '3-1', 'daya@gmail.com', 'sagar', '9618737961'),
('21KP1A1241', 'Shaik Jabeer', 'IT-1', 21, '3-1', 'jabeer@gmail.com', 'Skjabeer', '7093193556');

-- --------------------------------------------------------

--
-- Table structure for table `student_department_mapping`
--

CREATE TABLE `student_department_mapping` (
  `id` int(11) NOT NULL,
  `st_id` varchar(10) NOT NULL,
  `dept` varchar(50) NOT NULL
) ENGINE=InnoDB DEFAULT CHARSET=utf8mb4;

--
-- Dumping data for table `student_department_mapping`
--

INSERT INTO `student_department_mapping` (`id`, `st_id`, `dept`) VALUES
(1, '20KP1A1201', 'IT'),
(2, '20KP1A1203', 'IT'),
(3, '20KP1A1204', 'IT'),
(4, '20KP1A1206', 'IT'),
(5, '20KP1A1207', 'IT'),
(6, '20KP1A1208', 'IT'),
(7, '20KP1A1209', 'IT'),
(8, '20KP1A1210', 'IT'),
(9, '20KP1A1211', 'IT'),
(10, '20KP1A1212', 'IT'),
(11, '20KP1A1213', 'IT'),
(12, '20KP1A1214', 'IT'),
(13, '20KP1A1215', 'IT'),
(14, '20KP1A1217', 'IT'),
(15, '20KP1A1218', 'IT'),
(16, '20KP1A1219', 'IT'),
(17, '20KP1A1220', 'IT'),
(18, '20KP1A1221', 'IT'),
(19, '20KP1A1223', 'IT'),
(20, '20KP1A1224', 'IT'),
(21, '20KP1A1225', 'IT'),
(22, '20KP1A1226', 'IT'),
(23, '20KP1A1227', 'IT'),
(24, '20KP1A1228', 'IT'),
(25, '20KP1A1241', 'IT'),
(26, '20KP1A1252', 'DS'),
(27, '20KP1A1253', 'DS'),
(28, '21KP1A1229', 'IT'),
(29, '20KP1A1246', 'IT'),
(30, '20KP1A1250', 'IT'),
(31, '20KP1A1252', 'IT'),
(32, '21KP1A1241', 'IT-1'),
(33, '20AR1A0577', 'CSE');

-- --------------------------------------------------------

--
-- Table structure for table `subjects`
--

CREATE TABLE `subjects` (
  `st_dept` varchar(50) DEFAULT NULL,
  `st_sem` varchar(10) DEFAULT NULL,
  `subject` varchar(100) DEFAULT NULL,
  `id` int(11) NOT NULL
) ENGINE=InnoDB DEFAULT CHARSET=utf8mb4;

--
-- Dumping data for table `subjects`
--

INSERT INTO `subjects` (`st_dept`, `st_sem`, `subject`, `id`) VALUES
('IT', '4-1', 'DLT', 2),
('IT', '4-1', 'DC', 3),
('IT', '4-1', 'CMM', 4),
('IT', '4-1', 'UHV', 5),
('IT', '3-2', 'AUP', 6),
('IT', '3-2', 'IOT', 7),
('IT', '1-1', 'C', 8),
('IT', '1-1', 'PHY', 9),
('IT', '1-1', 'ENG', 10),
('DS', '1-2', 'CHE', 12),
('DS', '1-2', 'C', 13),
('IT', '4-1', 'BCT', 14);

-- --------------------------------------------------------

--
-- Table structure for table `teachers`
--

CREATE TABLE `teachers` (
  `tc_id` int(11) NOT NULL,
  `tc_name` varchar(255) DEFAULT NULL,
  `tc_dept` varchar(50) DEFAULT NULL,
  `tc_email` varchar(255) DEFAULT NULL,
  `tc_course` varchar(255) DEFAULT NULL,
  `tc_phone_number` varchar(13) DEFAULT NULL,
  `tc_sem` varchar(25) DEFAULT NULL
) ENGINE=InnoDB DEFAULT CHARSET=utf8mb4;

--
-- Dumping data for table `teachers`
--

INSERT INTO `teachers` (`tc_id`, `tc_name`, `tc_dept`, `tc_email`, `tc_course`, `tc_phone_number`, `tc_sem`) VALUES
(21, 'Selvaraj ', 'IT', NULL, 'cct', NULL, '4-1'),
(24, 'selvaraj', 'IT', NULL, 'AWS', NULL, '4-2'),
(25, 'selvaraj', 'IT', NULL, 'AWS', NULL, '4-2'),
(26, 'selvaraj', 'IT', NULL, 'BCT', NULL, '4-2');

-- --------------------------------------------------------

--
-- Table structure for table `teacher_course_mapping`
--

CREATE TABLE `teacher_course_mapping` (
  `teacher_username` varchar(255) NOT NULL,
  `course` varchar(50) NOT NULL
) ENGINE=InnoDB DEFAULT CHARSET=utf8mb4;

--
-- Dumping data for table `teacher_course_mapping`
--

INSERT INTO `teacher_course_mapping` (`teacher_username`, `course`) VALUES
('sowjanya', 'ML'),
('faculty1', 'CC'),
('selvaraj', 'BCT'),
('anusha', 'DAA'),
('nageswa rao', 'AUP'),
('selvaraj', 'BCT');

-- --------------------------------------------------------

--
-- Structure for view `reports`
--
DROP TABLE IF EXISTS `reports`;

CREATE ALGORITHM=UNDEFINED DEFINER=`nriitac`@`localhost` SQL SECURITY DEFINER VIEW `reports`  AS SELECT `students`.`st_id` AS `st_id`, `students`.`st_name` AS `st_name`, `students`.`st_dept` AS `st_dept`, `students`.`st_batch` AS `st_batch`, `attendance`.`stat_date` AS `stat_date`, `attendance`.`st_status` AS `st_status`, `attendance`.`course` AS `course` FROM (`attendance` join `students`) WHERE `students`.`st_id` = `attendance`.`stat_id` ;

--
-- Indexes for dumped tables
--

--
-- Indexes for table `admininfo`
--
ALTER TABLE `admininfo`
  ADD PRIMARY KEY (`id`),
  ADD UNIQUE KEY `email` (`email`),
  ADD UNIQUE KEY `phone` (`phone`);

--
-- Indexes for table `attendance`
--
ALTER TABLE `attendance`
  ADD PRIMARY KEY (`id`);

--
-- Indexes for table `students`
--
ALTER TABLE `students`
  ADD PRIMARY KEY (`st_id`),
  ADD UNIQUE KEY `st_phone_number` (`st_phone_number`);

--
-- Indexes for table `student_department_mapping`
--
ALTER TABLE `student_department_mapping`
  ADD PRIMARY KEY (`id`);

--
-- Indexes for table `subjects`
--
ALTER TABLE `subjects`
  ADD PRIMARY KEY (`id`);

--
-- Indexes for table `teachers`
--
ALTER TABLE `teachers`
  ADD PRIMARY KEY (`tc_id`);

--
-- AUTO_INCREMENT for dumped tables
--

--
-- AUTO_INCREMENT for table `admininfo`
--
ALTER TABLE `admininfo`
  MODIFY `id` int(11) NOT NULL AUTO_INCREMENT, AUTO_INCREMENT=87;

--
-- AUTO_INCREMENT for table `attendance`
--
ALTER TABLE `attendance`
  MODIFY `id` int(11) NOT NULL AUTO_INCREMENT, AUTO_INCREMENT=950;

--
-- AUTO_INCREMENT for table `student_department_mapping`
--
ALTER TABLE `student_department_mapping`
  MODIFY `id` int(11) NOT NULL AUTO_INCREMENT, AUTO_INCREMENT=34;

--
-- AUTO_INCREMENT for table `subjects`
--
ALTER TABLE `subjects`
  MODIFY `id` int(11) NOT NULL AUTO_INCREMENT, AUTO_INCREMENT=18;

--
-- AUTO_INCREMENT for table `teachers`
--
ALTER TABLE `teachers`
  MODIFY `tc_id` int(11) NOT NULL AUTO_INCREMENT, AUTO_INCREMENT=27;
COMMIT;

/*!40101 SET CHARACTER_SET_CLIENT=@OLD_CHARACTER_SET_CLIENT */;
/*!40101 SET CHARACTER_SET_RESULTS=@OLD_CHARACTER_SET_RESULTS */;
/*!40101 SET COLLATION_CONNECTION=@OLD_COLLATION_CONNECTION */;
